                  epoch,         train/box_loss,         train/seg_loss,         train/cls_loss,         train/dfl_loss,   metrics/precision(B),      metrics/recall(B),       metrics/mAP50(B),    metrics/mAP50-95(B),   metrics/precision(M),      metrics/recall(M),       metrics/mAP50(M),    metrics/mAP50-95(M),           val/box_loss,           val/seg_loss,           val/cls_loss,           val/dfl_loss,                 lr/pg0,                 lr/pg1,                 lr/pg2
                      1,                  1.544,                  2.805,                 2.9378,                 1.4878,                0.12089,                0.43082,                0.11363,                0.05721,                0.11437,                0.40412,                0.10137,                0.04714,                 1.7314,                 5.3861,                 69.115,                  1.995,             0.00036472,             0.00036472,             0.00036472
                      2,                 1.6931,                  2.769,                 2.2549,                 1.5878,                0.63819,                0.08747,                0.03349,                0.01218,                0.02392,                0.22326,                0.02286,                0.00673,                 2.2648,                 33.241,                    inf,                 3.3826,             0.00073142,             0.00073142,             0.00073142
                      3,                 1.7402,                 2.7292,                 2.3577,                 1.6441,                0.12943,                0.24875,                 0.0411,                0.02155,                0.12605,                0.21375,                0.03677,                 0.0165,                 2.2915,                 25.742,                 31.152,                 2.4621,              0.0010944,              0.0010944,              0.0010944
                      4,                 1.6981,                 2.7343,                 2.1462,                 1.5681,                 0.1782,                 0.4114,                0.17374,                0.07888,                0.18661,                0.34867,                0.16432,                 0.0641,                 1.9958,                 4.0055,                 4.4263,                 1.9272,              0.0010945,              0.0010945,              0.0010945
                      5,                 1.6744,                 2.5786,                 2.1032,                 1.5725,                0.44983,                0.30888,                0.25034,                0.12358,                0.47254,                0.29344,                0.24923,                0.11337,                 1.8523,                 3.0985,                  2.578,                  1.949,              0.0010945,              0.0010945,              0.0010945
                      6,                 1.5975,                 2.5335,                 1.9258,                 1.4948,                0.36358,                0.30642,                0.27188,                0.13915,                0.35625,                0.29933,                0.26269,                 0.1219,                 1.7502,                 2.8552,                 2.5428,                 1.7156,               0.001089,               0.001089,               0.001089
                      7,                 1.5681,                  2.476,                 1.8874,                 1.4963,                 0.2572,                0.40107,                0.28262,                0.14578,                0.29506,                0.38228,                0.28611,                0.13802,                 1.8599,                 2.9741,                 2.8426,                 1.8854,              0.0010835,              0.0010835,              0.0010835
                      8,                 1.5877,                 2.5166,                 1.8803,                 1.4782,                0.44786,                0.33972,                0.33872,                0.18876,                0.43775,                0.35083,                0.33439,                0.16411,                 1.6943,                 2.8159,                 2.7135,                 1.6911,               0.001078,               0.001078,               0.001078
                      9,                 1.5562,                 2.4494,                 1.8093,                 1.4541,                0.41427,                0.46155,                0.38938,                 0.2138,                0.39405,                0.44224,                0.36649,                0.19374,                 1.6841,                  2.868,                 2.2077,                 1.6437,              0.0010725,              0.0010725,              0.0010725
                     10,                 1.4686,                 2.3498,                 1.7365,                 1.4207,                0.51378,                0.40555,                0.39705,                0.21218,                 0.5186,                0.39473,                0.37934,                0.19019,                 1.6733,                 2.7964,                 2.1106,                 1.6774,               0.001067,               0.001067,               0.001067
                     11,                 1.5269,                  2.414,                 1.7173,                 1.4407,                0.46915,                0.46093,                0.46171,                0.26205,                0.49999,                0.43825,                0.45688,                0.24206,                 1.6947,                 2.6791,                 2.0291,                 1.6598,              0.0010615,              0.0010615,              0.0010615
                     12,                 1.4984,                 2.3588,                 1.6971,                  1.445,                0.48819,                0.48174,                0.44051,                0.24158,                0.47953,                0.48366,                0.42606,                0.21869,                 1.6288,                 2.7181,                 2.0722,                  1.606,               0.001056,               0.001056,               0.001056
                     13,                 1.5081,                 2.3344,                 1.6698,                 1.4548,                0.45239,                0.56012,                0.53917,                0.30988,                0.44199,                0.52788,                0.51124,                0.28176,                 1.5711,                 2.6906,                 1.7378,                 1.6094,              0.0010505,              0.0010505,              0.0010505
                     14,                 1.4234,                 2.2485,                 1.5817,                 1.3936,                0.51904,                0.43311,                0.44959,                0.26995,                0.46412,                 0.4364,                0.43138,                0.24194,                  1.708,                  2.736,                 1.9599,                  1.738,               0.001045,               0.001045,               0.001045
                     15,                 1.4347,                 2.2765,                 1.5853,                 1.3799,                0.46827,                0.51026,                0.48315,                0.29449,                  0.473,                0.49489,                0.48219,                0.27055,                 1.6342,                 2.4964,                 1.7711,                  1.712,              0.0010395,              0.0010395,              0.0010395
                     16,                 1.3926,                 2.1924,                 1.4699,                 1.3545,                0.49044,                0.47676,                0.47056,                0.28337,                0.47571,                0.45404,                0.44829,                0.25039,                 1.6043,                 2.7121,                 1.8139,                 1.5909,               0.001034,               0.001034,               0.001034
                     17,                 1.3792,                 2.1947,                 1.4868,                 1.3701,                0.59943,                0.47037,                0.51919,                0.30947,                0.60352,                 0.4441,                0.49575,                 0.2756,                  1.636,                 2.7439,                 1.7321,                 1.6332,              0.0010285,              0.0010285,              0.0010285
                     18,                   1.41,                 2.2122,                 1.4973,                 1.3577,                0.54287,                0.52052,                0.54412,                0.30502,                 0.5505,                0.48209,                0.50976,                0.26577,                  1.513,                 2.4498,                 1.6051,                 1.4925,               0.001023,               0.001023,               0.001023
                     19,                 1.3657,                 2.1655,                 1.4814,                 1.3738,                 0.4918,                0.54257,                0.53854,                0.31456,                0.49256,                0.54214,                0.51948,                0.28783,                 1.5832,                 2.5349,                 1.8249,                 1.6054,              0.0010175,              0.0010175,              0.0010175
                     20,                 1.4152,                 2.1996,                 1.4575,                 1.3627,                0.51508,                0.55224,                0.53759,                0.32508,                0.51478,                0.54325,                0.52924,                0.28993,                 1.5204,                 2.4424,                 1.5442,                  1.583,               0.001012,               0.001012,               0.001012
                     21,                 1.3665,                 2.1898,                 1.4458,                 1.3466,                0.57028,                0.52242,                0.54288,                0.32595,                0.57441,                0.51411,                0.53181,                0.28944,                 1.5653,                  2.556,                 1.6025,                 1.5959,              0.0010065,              0.0010065,              0.0010065
                     22,                 1.3869,                 2.1696,                 1.4049,                 1.3613,                 0.5188,                0.57648,                0.57732,                0.35372,                0.52526,                0.55993,                0.56109,                  0.318,                 1.4838,                 2.4105,                 1.5225,                 1.5435,               0.001001,               0.001001,               0.001001
                     23,                 1.3003,                 2.0457,                  1.342,                 1.3011,                 0.5578,                0.57483,                0.59928,                 0.3536,                0.54702,                0.56525,                0.57458,                0.31183,                 1.5678,                 2.4582,                  1.527,                 1.5935,             0.00099551,             0.00099551,             0.00099551
                     24,                 1.3254,                 2.1029,                  1.323,                 1.3173,                0.66903,                0.54477,                0.61325,                0.36762,                0.64833,                0.52849,                 0.5763,                0.31715,                 1.4604,                 2.4878,                 1.4417,                 1.4579,             0.00099001,             0.00099001,             0.00099001
                     25,                 1.3152,                 2.1023,                 1.3551,                  1.315,                0.52068,                0.50919,                0.50569,                0.31263,                0.52862,                0.51169,                0.50491,                0.26778,                 1.5393,                 2.5671,                 1.6763,                 1.5566,             0.00098451,             0.00098451,             0.00098451
                     26,                 1.3069,                 2.0511,                  1.317,                 1.3034,                0.58803,                0.51873,                0.54709,                0.33685,                0.58637,                0.49789,                0.52623,                 0.2862,                 1.4552,                 2.4673,                 1.5952,                 1.5114,             0.00097901,             0.00097901,             0.00097901
                     27,                 1.2822,                 2.0023,                  1.278,                 1.2766,                0.61693,                0.56312,                0.58032,                0.33769,                0.61377,                0.54975,                0.56518,                0.29235,                 1.5452,                   2.48,                  1.505,                 1.5774,             0.00097351,             0.00097351,             0.00097351
                     28,                 1.3165,                 2.1013,                 1.3168,                 1.3008,                0.58874,                0.55246,                0.59018,                0.35062,                 0.5961,                0.53726,                0.56867,                0.31181,                  1.545,                  2.473,                 1.3998,                 1.5551,             0.00096801,             0.00096801,             0.00096801
                     29,                 1.2763,                 2.0351,                 1.2699,                 1.2827,                0.53763,                0.58282,                0.57585,                0.35586,                0.53604,                 0.5591,                0.55451,                0.30565,                 1.4764,                 2.5298,                 1.4052,                 1.5225,             0.00096251,             0.00096251,             0.00096251
                     30,                 1.2575,                 2.0332,                 1.2686,                 1.2812,                0.49399,                0.61657,                0.58054,                0.35748,                0.52543,                0.54329,                0.55563,                0.31854,                 1.5131,                 2.4749,                 1.5266,                 1.5432,             0.00095702,             0.00095702,             0.00095702
                     31,                 1.2946,                 2.0291,                 1.2688,                 1.2892,                0.57423,                0.59859,                 0.5811,                0.35658,                0.57289,                0.59775,                0.57625,                0.31419,                 1.4688,                 2.3533,                 1.3832,                 1.4874,             0.00095152,             0.00095152,             0.00095152
                     32,                 1.2441,                 2.0044,                 1.2317,                 1.2768,                0.61778,                0.57584,                0.61971,                0.38424,                 0.6111,                0.56781,                0.59721,                0.33895,                 1.4789,                 2.4671,                 1.3737,                 1.4861,             0.00094602,             0.00094602,             0.00094602
                     33,                 1.2328,                 1.9663,                  1.184,                 1.2605,                0.62276,                0.58982,                0.59735,                0.37014,                0.61519,                0.57858,                0.57204,                0.32689,                 1.4844,                 2.4764,                 1.3608,                 1.5062,             0.00094052,             0.00094052,             0.00094052
                     34,                 1.2396,                  1.988,                   1.23,                 1.2524,                0.64134,                0.58645,                0.62499,                0.38097,                0.62638,                0.58292,                0.59891,                0.33501,                 1.5136,                 2.4546,                  1.306,                 1.5268,             0.00093502,             0.00093502,             0.00093502
                     35,                 1.2215,                 1.9503,                 1.2219,                  1.252,                0.62612,                 0.6148,                 0.6522,                0.40179,                0.64157,                0.59016,                0.63879,                0.35085,                 1.4511,                 2.4109,                 1.2838,                 1.4914,             0.00092952,             0.00092952,             0.00092952
                     36,                 1.2197,                 1.9242,                 1.1743,                  1.239,                0.59441,                0.57968,                0.62049,                 0.3793,                 0.5769,                0.58528,                 0.6082,                0.33254,                  1.469,                  2.454,                 1.3959,                 1.4864,             0.00092402,             0.00092402,             0.00092402
                     37,                 1.2197,                 1.9144,                 1.1564,                 1.2374,                0.70433,                0.55586,                0.64319,                0.39306,                 0.6982,                0.54773,                0.62474,                0.34115,                 1.4616,                 2.3704,                 1.3786,                 1.4763,             0.00091852,             0.00091852,             0.00091852
                     38,                 1.1933,                 1.9039,                 1.1462,                 1.2305,                 0.6152,                0.63664,                0.66013,                0.39975,                0.62658,                0.62546,                0.64879,                0.35728,                 1.4603,                 2.3571,                 1.3376,                 1.5401,             0.00091302,             0.00091302,             0.00091302
                     39,                  1.199,                 1.9325,                 1.1592,                 1.2478,                0.58644,                0.54763,                0.57418,                0.35015,                0.58018,                 0.5404,                0.55826,                0.29917,                 1.4776,                  2.511,                 1.5094,                  1.499,             0.00090752,             0.00090752,             0.00090752
                     40,                 1.1729,                 1.9157,                 1.1392,                 1.2314,                0.62337,                0.60741,                0.62612,                0.39969,                0.63461,                0.59799,                0.61578,                0.34852,                 1.4436,                 2.3898,                 1.3506,                 1.4935,             0.00090202,             0.00090202,             0.00090202
                     41,                 1.1718,                 1.8821,                 1.1311,                 1.2354,                0.64496,                 0.6428,                0.64845,                0.40035,                0.66558,                0.59539,                0.62728,                0.35253,                 1.4722,                 2.4521,                 1.2609,                 1.4887,             0.00089652,             0.00089652,             0.00089652
                     42,                 1.1864,                 1.8932,                 1.1152,                 1.2158,                0.64442,                0.59649,                0.63698,                0.39601,                 0.6565,                0.57714,                0.61711,                0.35265,                 1.4656,                 2.3934,                  1.326,                 1.5004,             0.00089102,             0.00089102,             0.00089102
                     43,                  1.178,                 1.8762,                 1.0932,                  1.212,                0.61383,                0.61604,                0.62944,                0.38525,                0.60156,                0.60162,                0.62031,                0.33534,                  1.476,                 2.3725,                 1.2938,                 1.5089,             0.00088552,             0.00088552,             0.00088552
                     44,                  1.138,                 1.8275,                  1.056,                 1.1959,                0.54086,                0.67212,                0.66198,                0.40693,                0.52874,                0.65711,                0.63869,                 0.3538,                  1.466,                 2.4293,                 1.4554,                 1.5051,             0.00088002,             0.00088002,             0.00088002
                     45,                 1.1687,                 1.8676,                 1.1121,                 1.2309,                 0.6417,                 0.6023,                0.62944,                0.36497,                 0.6684,                0.56289,                0.59789,                0.32245,                 1.4937,                 2.3624,                 1.4219,                 1.5752,             0.00087452,             0.00087452,             0.00087452
                     46,                 1.1975,                  1.887,                 1.0803,                 1.2376,                 0.7052,                0.60315,                   0.66,                0.41175,                0.70895,                0.60541,                0.65073,                0.36426,                 1.4467,                 2.3221,                 1.3194,                 1.4831,             0.00086902,             0.00086902,             0.00086902
                     47,                 1.1742,                 1.8602,                 1.0652,                 1.2185,                0.60088,                0.58231,                0.62098,                0.39467,                0.61219,                0.54186,                0.60069,                0.33109,                 1.4369,                 2.4747,                 1.3425,                 1.4504,             0.00086352,             0.00086352,             0.00086352
                     48,                   1.19,                 1.8809,                 1.0515,                 1.2136,                0.55914,                 0.5841,                0.60502,                0.37303,                0.55777,                0.57895,                0.59297,                0.33174,                 1.4519,                 2.3699,                 1.3379,                 1.4822,             0.00085803,             0.00085803,             0.00085803
                     49,                 1.1677,                 1.8937,                 1.0883,                 1.2137,                0.70788,                0.60545,                0.66154,                0.40636,                0.68534,                0.60113,                0.64514,                 0.3607,                  1.453,                 2.4365,                  1.292,                 1.5064,             0.00085253,             0.00085253,             0.00085253
                     50,                 1.1537,                 1.8174,                 1.0149,                 1.2019,                0.62077,                0.62846,                0.64732,                0.40389,                0.60895,                0.61696,                0.63185,                0.34873,                 1.4731,                 2.3841,                  1.303,                    1.5,             0.00084703,             0.00084703,             0.00084703
                     51,                 1.1197,                 1.8191,                 1.0303,                 1.1934,                0.65916,                0.60659,                0.67312,                0.42336,                0.66381,                0.61206,                0.66154,                0.37474,                 1.4853,                 2.4111,                 1.3098,                 1.5142,             0.00084153,             0.00084153,             0.00084153
                     52,                 1.0983,                 1.7717,                  1.004,                 1.1882,                0.65881,                0.63382,                0.63971,                0.40474,                0.65052,                0.62476,                0.62235,                0.35438,                 1.4522,                 2.4252,                 1.2403,                 1.5009,             0.00083603,             0.00083603,             0.00083603
                     53,                 1.1056,                 1.7592,                 1.0193,                 1.1796,                0.62362,                0.61747,                0.65129,                0.41079,                0.63668,                0.58442,                0.62627,                0.35381,                 1.4445,                 2.5151,                 1.3092,                 1.5269,             0.00083053,             0.00083053,             0.00083053
                     54,                 1.1291,                 1.7958,                0.98325,                 1.1993,                0.60868,                0.61228,                0.66186,                0.41729,                0.62225,                0.59446,                0.65132,                0.36372,                 1.4351,                 2.3592,                 1.3123,                 1.4855,             0.00082503,             0.00082503,             0.00082503
                     55,                  1.119,                 1.8024,                0.98061,                 1.1858,                0.67211,                0.58063,                0.64085,                0.41285,                0.68957,                0.56966,                0.62609,                0.35811,                 1.3851,                 2.3635,                  1.249,                 1.4501,             0.00081953,             0.00081953,             0.00081953
                     56,                 1.1146,                   1.79,                 1.0041,                 1.1912,                0.71372,                0.60039,                0.67587,                 0.4269,                0.70398,                0.58829,                0.65015,                0.37168,                 1.4118,                 2.4833,                 1.2006,                 1.5141,             0.00081403,             0.00081403,             0.00081403
                     57,                 1.0776,                 1.7909,                0.97036,                 1.1662,                0.67092,                0.56353,                0.62513,                0.39322,                0.66186,                0.55825,                0.59976,                0.33933,                  1.379,                  2.379,                 1.3004,                 1.4186,             0.00080853,             0.00080853,             0.00080853
                     58,                 1.0764,                 1.7606,                 0.9777,                 1.1619,                0.66462,                 0.5898,                0.66527,                0.42193,                 0.6965,                0.56341,                0.66378,                0.37014,                  1.408,                  2.502,                 1.2427,                  1.459,             0.00080303,             0.00080303,             0.00080303
                     59,                 1.0876,                 1.7491,                0.96532,                 1.1695,                0.73336,                0.60575,                0.67778,                0.42818,                0.68973,                0.62968,                0.65554,                0.36701,                 1.4275,                 2.5035,                 1.2546,                 1.4932,             0.00079753,             0.00079753,             0.00079753
                     60,                 1.1009,                 1.7745,                0.94994,                 1.1697,                0.65843,                0.62075,                0.66634,                0.41213,                0.66003,                0.60663,                0.64293,                0.36003,                 1.4535,                 2.3967,                 1.3143,                 1.4731,             0.00079203,             0.00079203,             0.00079203
                     61,                 1.0948,                 1.7125,                0.91058,                 1.1537,                0.65102,                0.64307,                0.68884,                0.43149,                 0.6317,                0.63211,                0.66901,                0.37607,                 1.3757,                 2.4416,                 1.1209,                 1.4372,             0.00078653,             0.00078653,             0.00078653
                     62,                 1.0291,                 1.6847,                0.89423,                 1.1482,                0.70272,                0.58607,                0.65254,                0.41599,                0.69162,                0.58881,                0.64569,                0.36539,                 1.4304,                 2.4688,                 1.2366,                  1.483,             0.00078103,             0.00078103,             0.00078103
                     63,                 1.0573,                 1.7076,                0.90219,                 1.1551,                0.68148,                0.62346,                0.67507,                0.41918,                0.66555,                0.61047,                 0.6452,                0.37241,                 1.4117,                 2.4408,                 1.1683,                 1.4818,             0.00077553,             0.00077553,             0.00077553
                     64,                 1.0317,                 1.6887,                0.89853,                 1.1477,                  0.716,                0.62271,                0.68319,                0.43828,                0.69822,                0.61571,                0.66437,                0.37804,                 1.3966,                 2.4718,                 1.1551,                 1.4611,             0.00077003,             0.00077003,             0.00077003
                     65,                 1.0772,                  1.753,                  0.908,                 1.1625,                0.65366,                0.62178,                0.65538,                 0.4185,                 0.6381,                0.61627,                0.65105,                0.36973,                 1.4294,                 2.3863,                 1.2374,                 1.4773,             0.00076453,             0.00076453,             0.00076453
                     66,                 1.0234,                 1.6641,                0.93202,                 1.1426,                0.63401,                0.63686,                0.64317,                0.39562,                 0.6307,                0.63208,                0.62779,                0.34643,                 1.4652,                 2.4233,                 1.3241,                 1.5166,             0.00075904,             0.00075904,             0.00075904
                     67,                 1.0353,                  1.722,                0.88898,                 1.1398,                0.64236,                0.65982,                0.67291,                0.42821,                0.73123,                0.58084,                0.65728,                0.37321,                 1.3705,                 2.4505,                 1.1258,                 1.4574,             0.00075354,             0.00075354,             0.00075354
                     68,                0.98507,                 1.6315,                0.86608,                 1.1265,                0.68593,                0.65925,                0.69381,                0.44711,                0.69104,                0.63324,                0.66936,                0.39173,                 1.4117,                 2.4316,                  1.137,                 1.4793,             0.00074804,             0.00074804,             0.00074804
                     69,                  1.023,                 1.6331,                0.84144,                 1.1347,                0.68654,                0.61719,                 0.6888,                0.43261,                0.68927,                 0.6167,                 0.6769,                0.39089,                 1.4272,                 2.4071,                 1.1675,                 1.5072,             0.00074254,             0.00074254,             0.00074254
                     70,                 1.0316,                 1.6484,                0.86082,                 1.1375,                0.61693,                0.66409,                0.65482,                 0.4129,                 0.6229,                0.64458,                0.63942,                0.35989,                 1.4167,                 2.3845,                 1.2759,                 1.4728,             0.00073704,             0.00073704,             0.00073704
                     71,                 1.0143,                 1.6342,                0.84245,                 1.1285,                0.69303,                0.64398,                0.69706,                0.43623,                0.67197,                0.62479,                0.66366,                0.37547,                 1.4101,                  2.432,                 1.0991,                 1.4668,             0.00073154,             0.00073154,             0.00073154
                     72,                 1.0081,                 1.6417,                0.84668,                 1.1284,                0.71637,                0.61328,                0.67698,                0.43336,                0.71466,                0.60339,                0.65837,                0.38228,                 1.4589,                 2.4158,                 1.2037,                 1.5169,             0.00072604,             0.00072604,             0.00072604
                     73,                 1.0102,                 1.6249,                 0.8407,                 1.1273,                0.73448,                0.57302,                0.66294,                0.41141,                0.72845,                0.56871,                0.65676,                0.36866,                 1.4269,                 2.3812,                 1.2153,                 1.4811,             0.00072054,             0.00072054,             0.00072054
                     74,                0.99082,                 1.5874,                0.82088,                  1.124,                0.67443,                0.63218,                0.67944,                0.42718,                0.66909,                0.61362,                0.65163,                0.37356,                 1.4451,                 2.4775,                 1.1572,                 1.5047,             0.00071504,             0.00071504,             0.00071504
                     75,                0.98514,                 1.6426,                0.81785,                 1.1226,                0.69473,                0.62039,                0.66622,                0.42876,                0.68233,                0.62172,                0.64512,                0.36259,                 1.4405,                 2.5635,                 1.1504,                 1.5201,             0.00070954,             0.00070954,             0.00070954
                     76,                0.99273,                 1.6399,                0.83645,                 1.1119,                0.75097,                0.59104,                0.67806,                0.43092,                0.72604,                0.57726,                0.65199,                0.37475,                 1.4509,                 2.5173,                 1.1874,                 1.5257,             0.00070404,             0.00070404,             0.00070404
                     77,                0.99014,                 1.6105,                0.82251,                 1.1148,                 0.6506,                0.68991,                0.68315,                0.43552,                0.63475,                0.67046,                0.66223,                0.37479,                 1.3995,                 2.4284,                 1.2071,                 1.4811,             0.00069854,             0.00069854,             0.00069854
                     78,                0.96798,                 1.5917,                0.80864,                 1.0949,                 0.7249,                 0.6218,                0.69054,                0.44418,                0.66991,                0.63476,                0.67407,                0.38633,                 1.4169,                 2.4253,                 1.1589,                 1.4793,             0.00069304,             0.00069304,             0.00069304
                     79,                0.97795,                 1.6137,                 0.8016,                   1.09,                0.64317,                0.63993,                0.67716,                0.43955,                 0.6358,                0.63313,                0.65665,                0.37828,                 1.4146,                 2.4339,                 1.1655,                 1.4928,             0.00068754,             0.00068754,             0.00068754
                     80,                0.93771,                 1.5274,                 0.8087,                 1.1032,                0.67351,                0.65024,                0.69552,                0.44428,                   0.67,                0.64652,                0.67986,                0.38696,                 1.4232,                 2.4945,                 1.1015,                 1.5077,             0.00068204,             0.00068204,             0.00068204
                     81,                0.93899,                 1.5888,                 0.7881,                 1.0948,                0.69928,                0.61229,                0.69322,                0.42968,                0.74868,                0.57755,                0.67179,                0.37377,                 1.4409,                 2.5178,                 1.1401,                 1.5286,             0.00067654,             0.00067654,             0.00067654
                     82,                0.94264,                  1.588,                0.76331,                 1.0811,                0.75296,                0.62896,                0.71305,                0.45038,                0.73391,                0.61595,                0.69043,                0.38485,                 1.3636,                 2.4672,                 1.0887,                 1.4647,             0.00067104,             0.00067104,             0.00067104
                     83,                0.93696,                 1.5571,                0.76271,                 1.0832,                0.62401,                0.67808,                0.68215,                0.42883,                0.67877,                0.60164,                0.66078,                0.37789,                 1.4173,                 2.4163,                 1.2613,                 1.4957,             0.00066554,             0.00066554,             0.00066554
                     84,                0.96822,                 1.6113,                0.76971,                 1.0932,                0.70648,                0.61705,                0.68292,                0.42275,                0.69475,                0.59694,                0.65663,                0.35965,                 1.4205,                 2.5282,                 1.2443,                 1.5188,             0.00066005,             0.00066005,             0.00066005
                     85,                0.95743,                 1.5396,                0.76438,                  1.092,                  0.733,                0.61195,                 0.6801,                0.43077,                0.72934,                0.61655,                0.67814,                0.37541,                  1.405,                 2.4385,                 1.1565,                 1.4762,             0.00065455,             0.00065455,             0.00065455
                     86,                0.94833,                 1.5533,                0.75147,                 1.0684,                0.72329,                0.63375,                0.70707,                0.44282,                0.72166,                0.63001,                0.68472,                 0.3903,                 1.4569,                 2.5051,                 1.1153,                   1.53,             0.00064905,             0.00064905,             0.00064905
                     87,                0.95151,                 1.5746,                0.76539,                 1.0966,                0.70688,                 0.6664,                0.69333,                0.43649,                0.70181,                0.66209,                0.67999,                0.38196,                 1.4369,                  2.476,                 1.0839,                 1.5259,             0.00064355,             0.00064355,             0.00064355
                     88,                 0.9284,                 1.5214,                0.72477,                 1.0794,                0.70029,                0.68262,                 0.7061,                0.45168,                0.73101,                0.63882,                0.68977,                0.39558,                 1.3857,                 2.4958,                 1.1395,                 1.4852,             0.00063805,             0.00063805,             0.00063805
                     89,                0.92188,                 1.5124,                 0.7204,                 1.0696,                0.71786,                0.64657,                0.69755,                0.45007,                0.72297,                 0.6417,                0.68693,                0.39516,                 1.4245,                 2.4704,                   1.18,                 1.5322,             0.00063255,             0.00063255,             0.00063255
                     90,                0.89574,                 1.4998,                0.70477,                 1.0749,                0.70659,                0.62466,                0.69668,                0.44332,                0.69972,                0.60851,                0.67843,                0.38891,                 1.4216,                 2.5745,                 1.1594,                  1.517,             0.00062705,             0.00062705,             0.00062705
                     91,                 0.9046,                 1.4905,                 0.6961,                  1.067,                0.73091,                 0.6026,                0.67337,                0.44043,                0.72523,                0.60227,                0.65918,                 0.3819,                 1.4315,                 2.4775,                 1.2175,                 1.5195,             0.00062155,             0.00062155,             0.00062155
                     92,                0.91791,                 1.5073,                0.70539,                 1.0729,                0.68421,                0.65311,                0.69138,                0.43997,                0.67845,                0.62729,                0.67528,                0.38656,                 1.4298,                 2.5644,                 1.1547,                 1.5319,             0.00061605,             0.00061605,             0.00061605
                     93,                0.89175,                 1.4637,                0.68859,                 1.0568,                0.60983,                0.68785,                0.68614,                0.44062,                0.62855,                0.63909,                0.66554,                0.38588,                 1.4335,                 2.4478,                 1.1958,                 1.5256,             0.00061055,             0.00061055,             0.00061055
                     94,                0.88111,                 1.4542,                0.69011,                 1.0452,                0.70086,                0.68192,                0.69979,                0.44736,                0.69204,                 0.6747,                 0.6842,                0.39454,                 1.4005,                 2.4306,                 1.1155,                 1.5103,             0.00060505,             0.00060505,             0.00060505
                     95,                0.92223,                 1.5096,                0.70164,                  1.066,                0.69008,                0.66193,                0.68511,                 0.4412,                0.67987,                0.64972,                0.66502,                0.38615,                 1.4376,                 2.5127,                 1.2459,                 1.5349,             0.00059955,             0.00059955,             0.00059955
                     96,                0.87239,                 1.4361,                0.67988,                 1.0556,                0.70079,                0.64422,                0.68165,                0.44188,                0.68496,                0.63679,                0.66481,                0.38796,                 1.4563,                 2.5761,                 1.1834,                 1.5564,             0.00059405,             0.00059405,             0.00059405
                     97,                0.84865,                 1.4384,                0.68497,                 1.0376,                0.77338,                0.60732,                0.69875,                0.44645,                0.75786,                0.59405,                 0.6783,                0.38689,                 1.4303,                 2.4462,                 1.1989,                  1.548,             0.00058855,             0.00058855,             0.00058855
                     98,                0.86158,                 1.4437,                0.65622,                 1.0395,                0.69277,                0.65695,                0.68382,                0.43568,                0.71284,                0.61444,                0.66039,                0.38115,                 1.4483,                 2.7029,                 1.1681,                 1.5591,             0.00058305,             0.00058305,             0.00058305
                     99,                0.88204,                 1.4884,                0.70334,                 1.0523,                0.73155,                0.62772,                0.69354,                0.44365,                0.72484,                0.61396,                0.66091,                0.39037,                 1.4638,                  2.662,                 1.1752,                 1.5777,             0.00057755,             0.00057755,             0.00057755
                    100,                0.83204,                 1.4111,                0.67624,                 1.0381,                0.72736,                0.63625,                0.70427,                 0.4504,                0.73426,                0.60292,                0.67152,                0.39436,                 1.4365,                 2.6071,                 1.1346,                 1.5558,             0.00057205,             0.00057205,             0.00057205
                    101,                0.86823,                 1.4286,                0.67508,                 1.0478,                0.71754,                0.63823,                 0.6809,                0.44056,                0.69596,                0.62804,                0.66345,                0.38429,                 1.4374,                 2.6603,                 1.1902,                 1.5673,             0.00056655,             0.00056655,             0.00056655
                    102,                0.83733,                 1.4099,                0.65031,                  1.036,                0.69857,                 0.6457,                0.68726,                0.45154,                0.68884,                0.63237,                0.66023,                0.39581,                  1.439,                 2.6465,                   1.09,                 1.5661,             0.00056105,             0.00056105,             0.00056105
                    103,                 0.8434,                 1.4281,                0.68737,                 1.0494,                0.64575,                0.65997,                  0.678,                0.43278,                0.63948,                0.65052,                0.66641,                0.38828,                 1.4555,                 2.5563,                 1.1773,                 1.5696,             0.00055556,             0.00055556,             0.00055556
                    104,                0.82595,                  1.401,                0.64875,                 1.0298,                0.65709,                0.66185,                0.68346,                0.43885,                 0.6608,                0.66638,                0.67855,                0.38749,                 1.4557,                 2.5799,                 1.1402,                 1.5807,             0.00055006,             0.00055006,             0.00055006
                    105,                0.83248,                 1.3985,                0.66042,                 1.0453,                0.64193,                0.64135,                0.66142,                 0.4226,                0.61516,                0.67029,                 0.6602,                0.36082,                 1.4692,                 2.6355,                 1.2309,                 1.5883,             0.00054456,             0.00054456,             0.00054456
                    106,                0.81705,                 1.3885,                0.65039,                 1.0278,                0.68042,                0.63634,                0.68116,                0.43914,                0.67578,                0.62289,                0.66053,                0.38507,                 1.4579,                 2.5635,                 1.1333,                 1.5866,             0.00053906,             0.00053906,             0.00053906
                    107,                0.82284,                 1.3881,                0.62649,                 1.0261,                0.67196,                0.65888,                 0.6898,                0.46156,                0.66951,                0.65561,                0.68507,                0.40336,                 1.4253,                 2.6529,                 1.0839,                 1.5413,             0.00053356,             0.00053356,             0.00053356
                    108,                0.85011,                 1.4336,                 0.6489,                 1.0393,                0.69533,                 0.6437,                0.67688,                0.44072,                0.66809,                0.64716,                0.66426,                0.38773,                 1.4121,                 2.5898,                 1.1153,                 1.5431,             0.00052806,             0.00052806,             0.00052806
                    109,                0.84102,                 1.4227,                0.66747,                 1.0355,                 0.6283,                0.68357,                0.67608,                0.43884,                0.65344,                0.63744,                0.65909,                0.37784,                 1.4294,                 2.6261,                 1.0789,                 1.5693,             0.00052256,             0.00052256,             0.00052256
                    110,                0.84034,                 1.4099,                0.63044,                 1.0301,                 0.6702,                 0.6357,                0.66293,                0.43939,                0.63682,                0.65212,                0.65477,                0.38147,                 1.4524,                  2.662,                 1.2383,                 1.5917,             0.00051706,             0.00051706,             0.00051706
                    111,                0.80525,                 1.3385,                0.62316,                 1.0199,                0.68061,                0.64027,                 0.6783,                0.43965,                0.67961,                0.63294,                0.66175,                0.38762,                 1.4234,                 2.6486,                  1.174,                 1.5337,             0.00051156,             0.00051156,             0.00051156
                    112,                0.81995,                 1.3573,                0.62253,                  1.018,                0.74733,                0.60342,                 0.6854,                0.44042,                0.73799,                0.59797,                0.67173,                0.38662,                 1.4413,                 2.5925,                 1.1366,                 1.5435,             0.00050606,             0.00050606,             0.00050606
                    113,                0.80339,                 1.3376,                 0.6104,                 1.0233,                0.68185,                0.60986,                0.68943,                0.45543,                0.65879,                0.64788,                0.68065,                0.39397,                 1.4298,                 2.7022,                  1.149,                 1.5732,             0.00050056,             0.00050056,             0.00050056
                    114,                0.84853,                 1.4139,                0.62573,                 1.0283,                0.77497,                0.58084,                0.69027,                0.45572,                0.78374,                0.57753,                0.67837,                 0.3982,                 1.3861,                 2.6992,                 1.1823,                 1.5053,             0.00049506,             0.00049506,             0.00049506
                    115,                0.79331,                 1.3163,                0.59462,                 1.0027,                0.72549,                0.62053,                0.66445,                 0.4204,                0.70549,                0.60004,                0.64803,                0.36543,                 1.4183,                 2.7453,                 1.1167,                  1.531,             0.00048956,             0.00048956,             0.00048956
                    116,                0.76086,                 1.2899,                0.59482,                 1.0017,                0.64963,                0.68271,                0.68697,                0.44541,                 0.6594,                0.64886,                 0.6702,                0.39242,                 1.4123,                 2.7613,                  1.127,                 1.5528,             0.00048406,             0.00048406,             0.00048406
                    117,                 0.8212,                 1.3803,                0.60929,                 1.0176,                0.74416,                0.59596,                 0.6827,                 0.4459,                0.74264,                0.59472,                0.67459,                0.40181,                 1.4322,                 2.6031,                 1.1351,                 1.5585,             0.00047856,             0.00047856,             0.00047856
                    118,                0.79644,                  1.332,                0.59277,                 1.0027,                 0.7832,                0.59616,                0.70601,                0.44375,                0.78221,                0.59613,                0.69052,                0.39487,                 1.4432,                 2.6653,                 1.1076,                 1.5807,             0.00047306,             0.00047306,             0.00047306
                    119,                0.77318,                 1.3107,                0.58082,                 1.0069,                 0.6663,                0.70357,                0.69943,                0.44239,                0.69952,                0.65754,                0.69042,                 0.3881,                 1.4313,                 2.5697,                 1.1053,                 1.5669,             0.00046756,             0.00046756,             0.00046756
                    120,                0.78072,                 1.3284,                0.59513,                  1.012,                0.66504,                0.67165,                0.69606,                0.44408,                0.73291,                0.61164,                0.68636,                0.39646,                 1.4178,                 2.6608,                 1.1901,                 1.5631,             0.00046206,             0.00046206,             0.00046206
                    121,                0.80099,                  1.337,                0.60083,                 1.0094,                0.68947,                0.64064,                0.68147,                0.44499,                0.71363,                0.61938,                 0.6684,                0.39127,                 1.4297,                  2.685,                 1.3123,                 1.5558,             0.00045657,             0.00045657,             0.00045657
                    122,                0.76789,                 1.3128,                0.57262,                 1.0048,                0.73413,                0.62319,                0.69695,                0.46277,                0.73707,                0.61678,                  0.691,                0.40907,                 1.4527,                  2.672,                 1.1938,                 1.5619,             0.00045107,             0.00045107,             0.00045107
                    123,                0.74563,                 1.2754,                0.56265,                0.99607,                0.69594,                 0.6919,                0.69825,                0.44431,                0.67228,                0.67904,                0.68363,                0.39005,                 1.4856,                 2.6894,                 1.2386,                 1.5714,             0.00044557,             0.00044557,             0.00044557
                    124,                0.75032,                  1.272,                0.55071,                 0.9929,                0.74371,                0.63497,                0.70254,                0.44806,                0.73935,                 0.6319,                0.68805,                0.40263,                 1.3985,                 2.6991,                 1.2069,                 1.5252,             0.00044007,             0.00044007,             0.00044007
                    125,                0.75433,                 1.2835,                0.55737,                0.99637,                0.68373,                0.62897,                0.68103,                0.44092,                0.72178,                0.61074,                0.67443,                0.39375,                 1.3919,                 2.7505,                 1.2931,                 1.5198,             0.00043457,             0.00043457,             0.00043457
                    126,                0.74046,                 1.2768,                0.54297,                0.98121,                0.75804,                0.62431,                0.70114,                0.45647,                0.74737,                0.60233,                0.67701,                0.40085,                 1.4274,                 2.7685,                 1.1265,                 1.5712,             0.00042907,             0.00042907,             0.00042907
                    127,                0.75258,                 1.2823,                0.55584,                0.99498,                0.64188,                0.70324,                0.69785,                0.45111,                0.64452,                0.70589,                0.69566,                0.39741,                 1.3822,                 2.7637,                 1.0545,                 1.4992,             0.00042357,             0.00042357,             0.00042357
                    128,                0.75407,                 1.2805,                0.54522,                0.99621,                0.76867,                0.60409,                0.69607,                0.44833,                0.76277,                 0.6061,                0.69573,                0.39966,                  1.388,                 2.6718,                 1.1852,                 1.4845,             0.00041807,             0.00041807,             0.00041807
                    129,                0.74119,                 1.2752,                0.54743,                0.98483,                0.71172,                0.63899,                0.68686,                0.44544,                0.71589,                0.62438,                0.66726,                0.38935,                 1.4012,                 2.7943,                 1.2515,                 1.5445,             0.00041257,             0.00041257,             0.00041257
                    130,                0.73563,                 1.2617,                0.53327,                0.97079,                0.71294,                0.67029,                0.70133,                0.45306,                0.70308,                0.66176,                0.68844,                0.39988,                 1.4333,                 2.7641,                 1.1649,                  1.577,             0.00040707,             0.00040707,             0.00040707
                    131,                 0.7343,                 1.2568,                 0.5478,                0.98755,                0.67086,                0.65448,                 0.6817,                0.44318,                0.66238,                0.64539,                0.67023,                0.39135,                 1.4397,                 2.6324,                 1.2251,                 1.5499,             0.00040157,             0.00040157,             0.00040157
                    132,                0.71046,                 1.2407,                0.54465,                0.96756,                0.66262,                0.69097,                0.70479,                0.45914,                 0.6619,                0.68898,                0.69327,                 0.4026,                 1.4304,                 2.7674,                  1.062,                 1.5636,             0.00039607,             0.00039607,             0.00039607
                    133,                0.72287,                 1.2562,                0.52154,                 0.9686,                0.73247,                0.60662,                0.67299,                 0.4464,                0.73845,                 0.6019,                0.66432,                0.39283,                 1.3964,                 2.7311,                 1.1468,                 1.5597,             0.00039057,             0.00039057,             0.00039057
                    134,                0.70905,                 1.2273,                0.52384,                0.97497,                0.62963,                0.67208,                0.66807,                0.44312,                0.62898,                0.66719,                0.66004,                0.38856,                 1.4176,                 2.7132,                 1.2632,                 1.5728,             0.00038507,             0.00038507,             0.00038507
                    135,                0.70927,                 1.1959,                0.50955,                  0.971,                0.71794,                0.63341,                0.68834,                0.45456,                0.70913,                0.62471,                0.67934,                0.40209,                 1.3873,                 2.6618,                 1.1325,                 1.5459,             0.00037957,             0.00037957,             0.00037957
                    136,                0.71065,                 1.2205,                0.50454,                0.97163,                0.68326,                 0.6585,                0.67417,                0.45046,                0.69587,                0.63752,                0.66478,                0.39615,                 1.4308,                 2.7446,                 1.2096,                 1.5792,             0.00037407,             0.00037407,             0.00037407
                    137,                0.69763,                 1.1867,                0.51799,                0.96511,                0.64319,                0.66792,                0.67499,                0.44553,                0.63983,                0.66474,                0.66808,                 0.3899,                  1.407,                 2.8399,                 1.2292,                 1.5664,             0.00036857,             0.00036857,             0.00036857
                    138,                0.71991,                 1.2415,                0.52877,                0.98274,                0.74349,                0.60118,                0.68468,                0.45637,                0.73375,                0.59627,                0.67576,                0.39978,                 1.4415,                 2.7943,                 1.3151,                 1.5822,             0.00036307,             0.00036307,             0.00036307
                    139,                 0.7047,                 1.2145,                0.50778,                 0.9742,                0.72126,                0.62349,                0.68628,                0.45788,                0.71564,                0.61991,                0.67643,                0.39857,                 1.3723,                 2.8985,                 1.1662,                 1.5293,             0.00035758,             0.00035758,             0.00035758
                    140,                0.69312,                 1.2121,                0.50285,                 0.9717,                0.72222,                0.66454,                0.69621,                0.46406,                 0.7216,                0.66159,                0.68715,                0.41083,                  1.392,                 2.8351,                  1.156,                 1.5289,             0.00035208,             0.00035208,             0.00035208
                    141,                0.69843,                 1.2282,                0.51158,                0.96883,                0.68773,                0.67926,                0.69989,                0.46611,                0.67468,                0.66863,                0.68203,                0.40989,                 1.4071,                 2.9245,                 1.1797,                 1.5395,             0.00034658,             0.00034658,             0.00034658
                    142,                0.68228,                 1.1944,                0.50175,                 0.9588,                0.70321,                 0.6485,                 0.6854,                0.45926,                 0.6933,                0.63217,                0.67307,                0.40318,                 1.3612,                 2.7906,                 1.1332,                 1.4718,             0.00034108,             0.00034108,             0.00034108
                    143,                0.69922,                 1.2066,                0.50702,                0.96193,                0.70531,                0.63409,                0.68097,                0.45108,                0.69045,                 0.6515,                0.68198,                0.39971,                 1.4049,                 2.7499,                 1.1466,                 1.5296,             0.00033558,             0.00033558,             0.00033558
                    144,                 0.6911,                 1.1882,                0.49694,                0.95981,                0.74081,                0.61326,                0.69775,                0.46404,                0.75231,                0.61567,                0.69192,                0.40366,                 1.4122,                 2.8065,                 1.2418,                 1.5598,             0.00033008,             0.00033008,             0.00033008
                    145,                0.69541,                 1.1996,                0.51191,                 0.9637,                0.68847,                0.65648,                 0.6856,                 0.4555,                0.69084,                0.64769,                 0.6728,                0.39917,                 1.4283,                 2.7953,                  1.244,                 1.5778,             0.00032458,             0.00032458,             0.00032458
                    146,                0.70185,                 1.1999,                0.51013,                0.95568,                0.75335,                0.58876,                0.67258,                0.44958,                0.75297,                0.58507,                0.67052,                 0.4015,                 1.3918,                 2.7807,                 1.2434,                 1.5375,             0.00031908,             0.00031908,             0.00031908
                    147,                0.66454,                 1.1547,                0.47394,                0.94954,                  0.711,                0.62973,                0.69585,                0.46044,                0.70933,                0.62843,                0.68693,                0.40472,                  1.392,                 2.7901,                 1.1814,                  1.567,             0.00031358,             0.00031358,             0.00031358
                    148,                 0.6539,                 1.1653,                0.47286,                0.94937,                0.65041,                0.68492,                0.68758,                0.45564,                 0.6611,                0.66298,                0.67695,                0.40207,                 1.4144,                 2.8088,                 1.2135,                 1.5746,             0.00030808,             0.00030808,             0.00030808
                    149,                0.66756,                 1.1689,                0.48824,                0.95473,                0.65719,                0.68503,                0.69525,                 0.4595,                0.65134,                0.68044,                0.68976,                0.40773,                 1.4163,                 2.8925,                 1.0949,                 1.5917,             0.00030258,             0.00030258,             0.00030258
                    150,                0.66022,                 1.1569,                0.47597,                0.94829,                 0.7601,                0.59457,                0.68853,                0.45339,                0.66273,                0.65817,                 0.6773,                0.39747,                 1.4427,                 2.8991,                 1.2028,                 1.6052,             0.00029708,             0.00029708,             0.00029708
                    151,                0.67334,                 1.1637,                0.47867,                0.96015,                0.71389,                0.63829,                0.69883,                0.46146,                0.75028,                0.60027,                0.67894,                0.40564,                 1.4546,                 2.8918,                 1.1301,                 1.6159,             0.00029158,             0.00029158,             0.00029158
                    152,                0.66399,                 1.1922,                0.47345,                0.95336,                0.70847,                0.65302,                 0.6813,                0.44436,                0.70345,                0.64192,                0.66552,                0.38808,                 1.4486,                 2.8561,                 1.2172,                 1.5905,             0.00028608,             0.00028608,             0.00028608
                    153,                 0.6688,                 1.1824,                 0.4754,                 0.9525,                0.68221,                0.65274,                0.69412,                0.45531,                0.68215,                0.63684,                0.67738,                0.40117,                 1.4343,                 2.9493,                 1.1855,                 1.5715,             0.00028058,             0.00028058,             0.00028058
                    154,                0.65484,                 1.1364,                0.47072,                0.94654,                0.74549,                0.64593,                0.68889,                0.45967,                0.73765,                0.63978,                0.68407,                0.40375,                 1.4206,                 2.8952,                 1.1903,                  1.577,             0.00027508,             0.00027508,             0.00027508
                    155,                 0.6395,                 1.1084,                0.45755,                0.93447,                0.69163,                 0.6726,                0.68359,                0.44987,                0.68775,                0.66845,                0.67401,                 0.3979,                 1.4356,                 2.8264,                 1.1688,                  1.575,             0.00026958,             0.00026958,             0.00026958
                    156,                0.62996,                 1.1153,                0.44956,                0.92836,                0.71691,                0.64657,                0.68422,                0.45413,                0.71433,                0.64403,                0.67876,                0.39856,                 1.4311,                 2.8583,                 1.2042,                 1.5818,             0.00026408,             0.00026408,             0.00026408
                    157,                0.65685,                 1.1189,                 0.4543,                0.94363,                0.69735,                0.69756,                0.70745,                0.46986,                0.69049,                0.68903,                    0.7,                0.40698,                 1.3835,                 2.9324,                 1.0903,                 1.5576,             0.00025859,             0.00025859,             0.00025859
                    158,                0.64124,                  1.142,                0.45159,                0.94111,                 0.7573,                0.65836,                0.70278,                 0.4714,                0.74832,                0.65475,                0.69324,                0.41473,                 1.3838,                 2.8292,                 1.1295,                 1.5452,             0.00025309,             0.00025309,             0.00025309
                    159,                0.66585,                 1.1538,                0.47132,                0.95251,                0.71903,                0.67355,                0.69002,                0.46482,                0.71632,                0.67153,                0.68483,                0.40853,                   1.41,                 2.9472,                 1.1362,                 1.5687,             0.00024759,             0.00024759,             0.00024759
                    160,                 0.6182,                  1.112,                0.45092,                0.92794,                0.70077,                0.66459,                0.67693,                0.45236,                0.68751,                0.66057,                0.67042,                 0.3916,                 1.3911,                 2.8984,                 1.1994,                 1.5477,             0.00024209,             0.00024209,             0.00024209
                    161,                0.64019,                 1.1311,                0.46979,                0.94496,                0.72917,                 0.6453,                0.69119,                0.46681,                0.71859,                0.63757,                0.67907,                  0.406,                 1.3737,                 2.8576,                 1.1631,                 1.5393,             0.00023659,             0.00023659,             0.00023659
                    162,                0.61136,                 1.0673,                0.43529,                0.92991,                0.68472,                0.65866,                0.67824,                0.46152,                0.68375,                0.65209,                 0.6672,                0.40503,                 1.3817,                 2.8823,                   1.27,                 1.5454,             0.00023109,             0.00023109,             0.00023109
                    163,                0.62479,                 1.1171,                0.43934,                0.94238,                0.70308,                0.65851,                0.67851,                0.45932,                 0.6898,                 0.6463,                0.66304,                0.39487,                 1.3901,                 2.9153,                  1.236,                   1.56,             0.00022559,             0.00022559,             0.00022559
                    164,                0.60355,                 1.0673,                0.42547,                0.92204,                0.73765,                0.65359,                0.68921,                0.46124,                0.71643,                0.63716,                0.66952,                0.40318,                 1.3793,                 2.8784,                 1.2017,                 1.5512,             0.00022009,             0.00022009,             0.00022009
                    165,                0.59597,                 1.0828,                0.42124,                0.92975,                0.74169,                0.64031,                0.69617,                0.47096,                0.72989,                0.63159,                0.68711,                0.41479,                 1.3858,                  3.043,                 1.2032,                 1.5627,             0.00021459,             0.00021459,             0.00021459
                    166,                0.58622,                 1.0297,                0.42459,                0.92712,                0.66845,                0.69039,                0.68893,                0.46229,                0.65903,                0.67633,                0.67105,                0.39722,                 1.3765,                  3.049,                 1.1772,                 1.5401,             0.00020909,             0.00020909,             0.00020909
                    167,                0.59594,                 1.0458,                0.42324,                0.91294,                 0.7202,                0.66902,                0.69275,                0.46571,                0.70869,                0.65653,                0.67588,                0.40814,                 1.3835,                  3.044,                   1.21,                 1.5664,             0.00020359,             0.00020359,             0.00020359
                    168,                0.62667,                 1.0849,                0.44092,                0.92978,                0.73901,                0.64282,                0.68594,                0.46088,                0.73369,                0.63857,                0.67891,                0.40677,                 1.4009,                 2.9065,                 1.2174,                 1.5757,             0.00019809,             0.00019809,             0.00019809
                    169,                0.60602,                 1.0767,                0.42959,                0.92493,                0.70064,                0.65949,                 0.6896,                0.45655,                0.67344,                0.64733,                0.66717,                0.40638,                 1.3839,                 2.9228,                  1.333,                 1.5682,             0.00019259,             0.00019259,             0.00019259
                    170,                0.60667,                 1.0622,                0.41422,                0.91705,                 0.7226,                0.65619,                0.69396,                0.46251,                0.71379,                0.64661,                0.68273,                0.40566,                 1.3845,                 3.0034,                 1.2057,                 1.5697,             0.00018709,             0.00018709,             0.00018709
                    171,                0.59108,                  1.053,                0.41867,                0.92671,                0.71925,                0.67579,                0.69279,                0.46081,                 0.6876,                0.65299,                0.66459,                0.40487,                 1.3624,                 2.9872,                 1.2583,                 1.5535,             0.00018159,             0.00018159,             0.00018159
                    172,                0.60035,                 1.0453,                0.42091,                0.91977,                0.69041,                0.68577,                0.69353,                0.46766,                0.68641,                0.67116,                0.68141,                0.41489,                 1.3703,                 2.9686,                 1.1761,                 1.5522,             0.00017609,             0.00017609,             0.00017609
                    173,                0.59987,                 1.0643,                0.42199,                 0.9262,                0.72488,                0.65314,                0.68156,                0.45124,                0.71379,                0.64315,                0.67289,                0.39956,                 1.3849,                 2.8894,                 1.2641,                 1.5616,             0.00017059,             0.00017059,             0.00017059
                    174,                0.57751,                  1.021,                0.40413,                0.90712,                0.70599,                0.66787,                0.69097,                0.45981,                 0.6941,                0.65576,                0.68009,                0.40769,                  1.394,                 2.9472,                 1.2233,                  1.581,             0.00016509,             0.00016509,             0.00016509
                    175,                0.60206,                 1.0728,                0.42821,                0.92621,                0.70467,                0.66613,                 0.6883,                0.46341,                0.69903,                0.66263,                0.68425,                0.40924,                 1.3998,                 2.9546,                 1.2025,                 1.5916,              0.0001596,              0.0001596,              0.0001596
                    176,                0.58257,                 1.0566,                0.42068,                0.92421,                0.66924,                 0.7005,                0.69135,                0.46318,                0.66387,                0.69263,                0.68259,                0.40912,                 1.4022,                 2.9596,                 1.1676,                 1.5958,              0.0001541,              0.0001541,              0.0001541
                    177,                0.57406,                 1.0396,                0.39897,                0.91506,                0.70199,                0.66447,                0.69618,                0.47138,                0.69645,                0.65765,                0.67934,                 0.4073,                 1.3845,                 2.9992,                 1.1504,                 1.5774,              0.0001486,              0.0001486,              0.0001486
                    178,                0.56853,                 1.0444,                0.40182,                0.91179,                0.67964,                0.67187,                0.69068,                0.47233,                 0.6856,                0.67393,                0.68237,                0.40922,                 1.3561,                  2.962,                 1.1591,                 1.5442,              0.0001431,              0.0001431,              0.0001431
                    179,                0.57923,                 1.0218,                0.41312,                0.91824,                0.68852,                 0.6669,                0.69925,                0.47312,                0.68925,                0.66337,                0.68742,                0.41095,                 1.3545,                 3.0192,                 1.1706,                 1.5501,              0.0001376,              0.0001376,              0.0001376
                    180,                0.55405,                 0.9998,                0.38999,                0.90647,                0.68329,                0.68016,                0.69938,                0.47376,                0.68807,                0.65423,                0.68598,                 0.4169,                 1.3368,                 3.0065,                 1.1221,                 1.5531,              0.0001321,              0.0001321,              0.0001321
                    181,                0.56703,                 1.0093,                0.39258,                0.91307,                0.68283,                0.68655,                0.69096,                 0.4693,                0.66998,                0.67711,                 0.6769,                0.40973,                 1.3206,                  3.034,                 1.1461,                  1.531,              0.0001266,              0.0001266,              0.0001266
                    182,                0.57587,                 1.0311,                0.41294,                0.91473,                0.70618,                0.67064,                0.70363,                0.47731,                0.70684,                0.64514,                0.69234,                0.41724,                 1.3363,                 3.0335,                 1.1459,                 1.5405,              0.0001211,              0.0001211,              0.0001211
                    183,                0.55368,                 1.0059,                0.40063,                0.90765,                 0.7004,                 0.6566,                0.68959,                0.47078,                0.70697,                0.64848,                0.68987,                0.41239,                 1.3558,                 3.0488,                 1.2254,                 1.5608,              0.0001156,              0.0001156,              0.0001156
                    184,                0.55854,                0.99878,                0.38688,                0.91697,                0.73059,                0.65372,                0.68933,                0.46153,                0.71857,                0.63897,                0.67892,                0.40405,                 1.3625,                 3.1002,                 1.2525,                 1.5715,              0.0001101,              0.0001101,              0.0001101
                    185,                0.56162,                 1.0159,                0.39458,                0.90109,                0.71454,                0.65041,                0.70015,                0.47551,                0.71669,                0.64755,                0.69116,                0.41446,                  1.359,                 3.0622,                 1.2351,                 1.5723,              0.0001046,              0.0001046,              0.0001046
                    186,                 0.5765,                 1.0142,                0.39653,                 0.9115,                0.74144,                0.64765,                0.70137,                0.46421,                 0.7304,                0.63647,                0.68819,                 0.4062,                  1.378,                 3.0217,                 1.2484,                 1.5826,             9.9101e-05,             9.9101e-05,             9.9101e-05
                    187,                0.55277,                 1.0214,                0.38651,                0.91904,                 0.7139,                0.68808,                 0.7026,                0.47072,                0.70181,                0.67464,                0.69184,                0.41985,                 1.3362,                 3.0641,                 1.1909,                 1.5393,             9.3602e-05,             9.3602e-05,             9.3602e-05
                    188,                0.52637,                0.93444,                0.36633,                 0.9014,                0.75397,                0.63909,                0.69639,                0.47639,                0.75086,                0.63614,                 0.6883,                0.42076,                 1.3503,                  3.044,                 1.2239,                 1.5478,             8.8102e-05,             8.8102e-05,             8.8102e-05
                    189,                0.56354,                 1.0264,                0.38231,                0.90183,                0.72522,                0.65679,                0.69555,                0.47884,                0.71437,                0.64667,                0.68561,                 0.4177,                 1.3497,                 3.0529,                 1.2377,                 1.5577,             8.2603e-05,             8.2603e-05,             8.2603e-05
                    190,                0.54177,                0.96956,                0.38624,                0.90541,                0.68634,                0.67761,                0.69401,                0.47385,                0.67903,                0.67876,                0.68829,                0.41631,                 1.3484,                 3.0763,                 1.2284,                 1.5569,             7.7103e-05,             7.7103e-05,             7.7103e-05
                    191,                0.51842,                0.97734,                0.33428,                0.87668,                 0.6861,                0.64332,                0.68289,                0.46453,                  0.686,                0.64299,                0.67538,                0.40776,                 1.3594,                 3.0954,                  1.233,                 1.5674,             7.1604e-05,             7.1604e-05,             7.1604e-05
                    192,                0.48287,                0.93669,                0.30653,                0.85628,                0.72901,                0.62516,                0.68876,                0.46833,                0.73266,                0.62773,                0.68647,                0.41649,                 1.3465,                 3.0881,                 1.2136,                 1.5671,             6.6105e-05,             6.6105e-05,             6.6105e-05
                    193,                0.48459,                0.94618,                 0.3103,                0.86247,                0.71093,                0.64134,                0.68668,                0.46838,                0.71071,                0.63966,                0.68014,                0.41262,                 1.3542,                 3.0248,                 1.2438,                 1.5748,             6.0605e-05,             6.0605e-05,             6.0605e-05
                    194,                0.47768,                0.93989,                0.30663,                0.86425,                0.71956,                0.64306,                0.68943,                0.46784,                0.71832,                0.64188,                0.68467,                0.41084,                 1.3481,                 3.0608,                  1.232,                  1.575,             5.5106e-05,             5.5106e-05,             5.5106e-05
                    195,                  0.485,                0.93108,                0.30442,                0.85936,                0.71191,                0.66401,                0.69471,                0.47194,                0.70882,                0.66267,                0.68843,                0.41685,                 1.3485,                 3.1187,                 1.2311,                 1.5894,             4.9606e-05,             4.9606e-05,             4.9606e-05
                    196,                0.47348,                0.91018,                0.30224,                0.85143,                0.72979,                0.64935,                0.69291,                0.47294,                0.72937,                0.64625,                0.68958,                0.41635,                   1.36,                  3.135,                 1.2009,                  1.602,             4.4107e-05,             4.4107e-05,             4.4107e-05
                    197,                0.47562,                0.91332,                0.30736,                0.86071,                0.71495,                0.66142,                0.69371,                0.47093,                 0.7173,                0.65275,                0.69294,                0.41474,                 1.3551,                 3.1323,                 1.1992,                 1.5941,             3.8607e-05,             3.8607e-05,             3.8607e-05
                    198,                0.46735,                0.92125,                0.29792,                0.85095,                0.70398,                0.66003,                0.69447,                 0.4703,                0.69929,                0.65654,                0.69061,                0.41633,                 1.3594,                 3.1375,                  1.225,                  1.602,             3.3108e-05,             3.3108e-05,             3.3108e-05
                    199,                0.46286,                0.90348,                0.30131,                0.85481,                0.70575,                0.66224,                 0.6979,                0.47383,                0.69859,                0.65646,                0.68828,                 0.4174,                 1.3565,                 3.1432,                 1.2275,                 1.6026,             2.7608e-05,             2.7608e-05,             2.7608e-05
                    200,                0.45413,                 0.9002,                0.29115,                0.84104,                0.70749,                0.65702,                0.69885,                0.47429,                0.70981,                0.65056,                0.69587,                0.41866,                 1.3559,                 3.1416,                 1.2248,                 1.5983,             2.2109e-05,             2.2109e-05,             2.2109e-05
